Vértice,Adjacentes,Conjuntos
0,1(165.60954); 2(136.27691); 3(183.44851); 4(174.63834); 5(195.834); 6(169.27333); 7(159.56177); 8(150.3298); 9(125.99934),2
1,0(165.60954); 2(149.23897); 3(140.48762); 4(126.19016); 5(130.68322); 6(146.8505); 7(131.13644); 8(121.89654); 9(139.72305),1
2,0(136.27691); 1(149.23897); 3(182.71249); 4(145.68743); 5(178.64683); 6(133.60596); 7(128.12667); 8(127.51255); 9(125.05085),1
3,0(183.44851); 1(140.48762); 2(182.71249); 4(165.63424); 5(140.08506); 6(187.25564); 7(171.10455); 8(158.87944); 9(163.11493),2
4,0(174.63834); 1(126.19016); 2(145.68743); 3(165.63424); 5(141.12864); 6(125.90658); 7(117.74386); 8(124.79013); 9(150.17606),1
5,0(195.834); 1(130.68322); 2(178.64683); 3(140.08506); 4(141.12864); 6(167.00258); 7(155.32673); 8(151.22846); 9(170.17862),1
6,0(169.27333); 1(146.8505); 2(133.60596); 3(187.25564); 4(125.90658); 5(167.00258); 7(116.8031); 8(131.69217); 9(150.74267),2
7,0(159.56177); 1(131.13644); 2(128.12667); 3(171.10455); 4(117.74386); 5(155.32673); 6(116.8031); 8(115.14847); 9(137.377),1
8,0(150.3298); 1(121.89654); 2(127.51255); 3(158.87944); 4(124.79013); 5(151.22846); 6(131.69217); 7(115.14847); 9(125.39353),1
9,0(125.99934); 1(139.72305); 2(125.05085); 3(163.11493); 4(150.17606); 5(170.17862); 6(150.74267); 7(137.377); 8(125.39353),1
