Vértice,Adjacentes,Conjuntos
0,1(168.04187); 2(145.2975); 3(120.18173); 4(159.13005); 5(161.18256); 6(165.91699); 7(157.79604); 8(198.09238); 9(172.57939),1
1,0(168.04187); 2(168.79243); 3(180.70111); 4(148.86522); 5(133.98795); 6(159.0332); 7(129.70575); 8(130.06691); 9(136.37706),1
2,0(145.2975); 1(168.79243); 3(136.15118); 4(188.89874); 5(183.04788); 6(198.59883); 7(177.80509); 8(194.69247); 9(192.79604),1
3,0(120.18173); 1(180.70111); 2(136.15118); 4(178.92586); 5(179.61855); 6(186.03427); 7(175.69782); 8(210.44115); 9(190.92833),2
4,0(159.13005); 1(148.86522); 2(188.89874); 3(178.92586); 5(115.43428); 6(110.83319); 7(119.16263); 8(168.90359); 9(121.53423),1
5,0(161.18256); 1(133.98795); 2(183.04788); 3(179.61855); 4(115.43428); 6(125.08436); 7(105.52629); 8(153.73926); 9(111.39796),1
6,0(165.91699); 1(159.0332); 2(198.59883); 3(186.03427); 4(110.83319); 5(125.08436); 7(129.51209); 8(177.00024); 9(127.80355),2
7,0(157.79604); 1(129.70575); 2(177.80509); 3(175.69782); 4(119.16263); 5(105.52629); 6(129.51209); 8(151.82292); 9(115.4826),1
8,0(198.09238); 1(130.06691); 2(194.69247); 3(210.44115); 4(168.90359); 5(153.73926); 6(177.00024); 7(151.82292); 9(149.4363),2
9,0(172.57939); 1(136.37706); 2(192.79604); 3(190.92833); 4(121.53423); 5(111.39796); 6(127.80355); 7(115.4826); 8(149.4363),1
