Vértice,Adjacentes,Conjuntos
0,1(180.36657); 2(134.7498); 3(132.52425); 4(152.45128); 5(153.07986); 6(152.88113); 7(164.94039); 8(146.80559); 9(125.91518),1
1,0(180.36657); 2(148.05421); 3(168.00709); 4(172.85019); 5(150.26385); 6(168.83058); 7(115.58262); 8(133.74658); 9(206.27031),2
2,0(134.7498); 1(148.05421); 3(123.09225); 4(137.75893); 5(124.23325); 6(154.87669); 7(133.71811); 8(118.34457); 9(159.90161),1
3,0(132.52425); 1(168.00709); 2(123.09225); 4(120.39159); 5(124.59673); 6(172.59748); 7(155.19821); 8(141.3932); 9(151.1211),1
4,0(152.45128); 1(172.85019); 2(137.75893); 3(120.39159); 5(122.59452); 6(191.3664); 7(163.24784); 8(154.06848); 9(167.81005),1
5,0(153.07986); 1(150.26385); 2(124.23325); 3(124.59673); 4(122.59452); 6(178.49716); 7(141.37155); 8(135.47863); 9(174.87917),1
6,0(152.88113); 1(168.83058); 2(154.87669); 3(172.59748); 4(191.3664); 5(178.49716); 7(156.45881); 8(146.03232); 9(170.7332),1
7,0(164.94039); 1(115.58262); 2(133.71811); 3(155.19821); 4(163.24784); 5(141.37155); 6(156.45881); 8(118.19646); 9(190.85544),1
8,0(146.80559); 1(133.74658); 2(118.34457); 3(141.3932); 4(154.06848); 5(135.47863); 6(146.03232); 7(118.19646); 9(172.71617),1
9,0(125.91518); 1(206.27031); 2(159.90161); 3(151.1211); 4(167.81005); 5(174.87917); 6(170.7332); 7(190.85544); 8(172.71617),2
