Vértice,Adjacentes,Conjuntos
0,1(180.60743); 2(138.43671); 3(160.70007); 4(197.41469); 5(221.20945); 6(217.75384); 7(151.44783); 8(193.04034); 9(178.72133),2
1,0(180.60743); 2(164.69969); 3(163.87635); 4(118.7879); 5(171.89358); 6(180.95814); 7(179.49385); 8(144.5947); 9(112.47579),1
2,0(138.43671); 1(164.69969); 3(122.27575); 4(176.47098); 5(185.30261); 6(180.01304); 7(118.92583); 8(159.86218); 9(157.26629),1
3,0(160.70007); 1(163.87635); 2(122.27575); 4(170.41307); 5(165.32201); 6(158.28895); 7(120.34574); 8(143.90829); 9(153.29781),1
4,0(197.41469); 1(118.7879); 2(176.47098); 3(170.41307); 5(160.22858); 6(172.46987); 7(188.5755); 8(138.53558); 9(119.42181),1
5,0(221.20945); 1(171.89358); 2(185.30261); 3(165.32201); 4(160.22858); 6(117.83507); 7(184.50841); 8(130.49); 9(161.18818),2
6,0(217.75384); 1(180.95814); 2(180.01304); 3(158.28895); 4(172.46987); 5(117.83507); 7(175.45748); 8(136.43785); 9(169.10052),1
7,0(151.44783); 1(179.49385); 2(118.92583); 3(120.34574); 4(188.5755); 5(184.50841); 6(175.45748); 8(164.25114); 9(170.30251),1
8,0(193.04034); 1(144.5947); 2(159.86218); 3(143.90829); 4(138.53558); 5(130.49); 6(136.43785); 7(164.25114); 9(132.66343),1
9,0(178.72133); 1(112.47579); 2(157.26629); 3(153.29781); 4(119.42181); 5(161.18818); 6(169.10052); 7(170.30251); 8(132.66343),1
