Vértice,Adjacentes,Conjuntos
0,1(157.05918); 2(147.4171); 3(152.59528); 4(111.42019); 5(137.49102); 6(113.25954); 7(149.06876); 8(150.5603); 9(121.88602),1
1,0(157.05918); 2(164.71147); 3(204.87933); 4(159.11477); 5(121.00072); 6(149.65799); 7(194.07724); 8(197.16498); 9(178.0193),2
2,0(147.4171); 1(164.71147); 3(193.40441); 4(158.7159); 5(158.02709); 6(135.91563); 7(194.93005); 8(195.67749); 9(162.28721),1
3,0(152.59528); 1(204.87933); 2(193.40441); 4(146.31313); 5(183.88104); 6(165.42393); 7(119.13811); 8(115.42954); 9(131.854),2
4,0(111.42019); 1(159.11477); 2(158.7159); 3(146.31313); 5(138.28929); 6(123.55137); 7(139.58269); 8(141.61324); 9(120.07022),1
5,0(137.49102); 1(121.00072); 2(158.02709); 3(183.88104); 4(138.28929); 6(132.88256); 7(173.36205); 8(176.35305); 9(157.6067),1
6,0(113.25954); 1(149.65799); 2(135.91563); 3(165.42393); 4(123.55137); 5(132.88256); 7(162.28912); 8(163.81909); 9(133.96846),1
7,0(149.06876); 1(194.07724); 2(194.93005); 3(119.13811); 4(139.58269); 5(173.36205); 6(162.28912); 8(104.00905); 9(133.79044),1
8,0(150.5603); 1(197.16498); 2(195.67749); 3(115.42954); 4(141.61324); 5(176.35305); 6(163.81909); 7(104.00905); 9(133.85308),1
9,0(121.88602); 1(178.0193); 2(162.28721); 3(131.854); 4(120.07022); 5(157.6067); 6(133.96846); 7(133.79044); 8(133.85308),1
