Vértice,Adjacentes,Conjuntos
0,1(190.07017); 2(139.47069); 3(174.35948); 4(153.48248); 5(126.68465); 6(125.04454); 7(181.37601); 8(176.66917); 9(152.69888),1
1,0(190.07017); 2(165.45005); 3(143.56082); 4(194.09925); 5(187.4496); 6(194.17618); 7(109.88127); 8(125.89551); 9(137.7835),2
2,0(139.47069); 1(165.45005); 3(170.92692); 4(180.02035); 5(123.36863); 6(130.63006); 7(155.59255); 8(163.69989); 9(137.58716),1
3,0(174.35948); 1(143.56082); 2(170.92692); 4(155.90041); 5(185.08611); 6(189.66952); 7(143.30921); 8(117.79763); 9(133.9584),1
4,0(153.48248); 1(194.09925); 2(180.02035); 3(155.90041); 5(178.22032); 6(178.20961); 7(189.64944); 8(169.89482); 9(162.91494),1
5,0(126.68465); 1(187.4496); 2(123.36863); 3(185.08611); 4(178.22032); 6(107.30125); 7(177.72528); 8(181.68312); 9(154.97999),1
6,0(125.04454); 1(194.17618); 2(130.63006); 3(189.66952); 4(178.20961); 5(107.30125); 7(184.51345); 8(187.32682); 9(160.76831),2
7,0(181.37601); 1(109.88127); 2(155.59255); 3(143.30921); 4(189.64944); 5(177.72528); 6(184.51345); 8(125.78094); 9(130.01979),1
8,0(176.66917); 1(125.89551); 2(163.69989); 3(117.79763); 4(169.89482); 5(181.68312); 6(187.32682); 7(125.78094); 9(126.73764),1
9,0(152.69888); 1(137.7835); 2(137.58716); 3(133.9584); 4(162.91494); 5(154.97999); 6(160.76831); 7(130.01979); 8(126.73764),1
