Vértice,Adjacentes,Conjuntos
0,1(120.68609); 2(116.03069); 3(165.36048); 4(178.76498); 5(147.18322); 6(123.6226); 7(171.57583); 8(136.56892); 9(152.99391),1
1,0(120.68609); 2(136.7064); 3(184.8378); 4(174.0056); 5(167.67363); 6(142.93529); 7(190.1573); 8(155.34626); 9(170.73868),1
2,0(116.03069); 1(136.7064); 3(151.3246); 4(186.41815); 5(131.69632); 6(111.56915); 7(158.64493); 8(124.86754); 9(141.77559),1
3,0(165.36048); 1(184.8378); 2(151.3246); 4(200.77675); 5(122.14812); 6(153.80986); 7(110.37267); 8(129.66344); 9(118.73074),2
4,0(178.76498); 1(174.0056); 2(186.41815); 3(200.77675); 5(199.43357); 6(197.92155); 7(198.04814); 8(180.78087); 9(182.34094),2
5,0(147.18322); 1(167.67363); 2(131.69632); 3(122.14812); 4(199.43357); 6(132.1042); 7(131.68831); 8(118.75799); 9(123.90453),1
6,0(123.6226); 1(142.93529); 2(111.56915); 3(153.80986); 4(197.92155); 5(132.1042); 7(162.43148); 8(131.94709); 9(148.01906),1
7,0(171.57583); 1(190.1573); 2(158.64493); 3(110.37267); 4(198.04814); 5(131.68831); 6(162.43148); 8(135.02965); 9(119.95368),1
8,0(136.56892); 1(155.34626); 2(124.86754); 3(129.66344); 4(180.78087); 5(118.75799); 6(131.94709); 7(135.02965); 9(116.93202),1
9,0(152.99391); 1(170.73868); 2(141.77559); 3(118.73074); 4(182.34094); 5(123.90453); 6(148.01906); 7(119.95368); 8(116.93202),1
