Vértice,Adjacentes,Conjuntos
0,1(4.45047); 2(3.46447); 3(3.12543); 4(4.3715); 5(1.72264); 6(6.94551); 7(6.14179); 8(7.53258); 9(6.94287),1
1,0(4.45047); 2(8.89961); 3(5.13633); 4(0.6777); 5(4.2928); 6(8.60414); 7(6.32828); 8(5.61304); 9(2.70881),2
2,0(3.46447); 1(8.89961); 3(8.57567); 4(5.97288); 5(7.64653); 6(1.98848); 7(8.73218); 8(2.81154); 9(1.87579),2
3,0(3.12543); 1(5.13633); 2(8.57567); 4(3.94935); 5(7.69532); 6(3.98906); 7(0.45515); 8(2.20863); 9(5.22714),1
4,0(4.3715); 1(0.6777); 2(5.97288); 3(3.94935); 5(2.73548); 6(1.18235); 7(4.3078); 8(4.25757); 9(1.51768),1
5,0(1.72264); 1(4.2928); 2(7.64653); 3(7.69532); 4(2.73548); 6(8.52748); 7(4.1313); 8(7.32084); 9(6.24866),1
6,0(6.94551); 1(8.60414); 2(1.98848); 3(3.98906); 4(1.18235); 5(8.52748); 7(3.41455); 8(7.11563); 9(0.28008),1
7,0(6.14179); 1(6.32828); 2(8.73218); 3(0.45515); 4(4.3078); 5(4.1313); 6(3.41455); 8(2.08478); 9(2.76186),1
8,0(7.53258); 1(5.61304); 2(2.81154); 3(2.20863); 4(4.25757); 5(7.32084); 6(7.11563); 7(2.08478); 9(0.1452),1
9,0(6.94287); 1(2.70881); 2(1.87579); 3(5.22714); 4(1.51768); 5(6.24866); 6(0.28008); 7(2.76186); 8(0.1452),1
