Vértice,Adjacentes,Conjuntos
0,1(0.15043); 2(0.89135); 3(8.98407); 4(8.96502); 5(1.13791); 6(7.38906); 7(2.25577); 8(3.37062); 9(1.05826),2
1,0(0.15043); 2(2.46783); 3(0.18607); 4(5.23797); 5(4.51311); 6(5.14178); 7(3.23147); 8(4.7278); 9(5.87083),1
2,0(0.89135); 1(2.46783); 3(0.13403); 4(7.41908); 5(7.04225); 6(4.56899); 7(2.78408); 8(8.47989); 9(8.44711),1
3,0(8.98407); 1(0.18607); 2(0.13403); 4(4.12499); 5(3.97506); 6(0.10214); 7(2.23161); 8(5.48105); 9(2.35992),2
4,0(8.96502); 1(5.23797); 2(7.41908); 3(4.12499); 5(7.10826); 6(3.24601); 7(3.38563); 8(8.13406); 9(7.36799),1
5,0(1.13791); 1(4.51311); 2(7.04225); 3(3.97506); 4(7.10826); 6(6.28753); 7(3.11396); 8(3.48909); 9(4.13531),1
6,0(7.38906); 1(5.14178); 2(4.56899); 3(0.10214); 4(3.24601); 5(6.28753); 7(4.7121); 8(6.05413); 9(3.07098),1
7,0(2.25577); 1(3.23147); 2(2.78408); 3(2.23161); 4(3.38563); 5(3.11396); 6(4.7121); 8(0.27291); 9(3.77495),1
8,0(3.37062); 1(4.7278); 2(8.47989); 3(5.48105); 4(8.13406); 5(3.48909); 6(6.05413); 7(0.27291); 9(1.28997),1
9,0(1.05826); 1(5.87083); 2(8.44711); 3(2.35992); 4(7.36799); 5(4.13531); 6(3.07098); 7(3.77495); 8(1.28997),1
