Vértice,Adjacentes,Conjuntos
0,1(0.71403); 2(1.61208); 3(7.5179); 4(0.2711); 5(8.91034); 6(0.94278); 7(8.78209); 8(3.55152); 9(4.02905),1
1,0(0.71403); 2(3.81061); 3(3.23412); 4(4.26156); 5(5.43179); 6(8.891); 7(0.73521); 8(1.7863); 9(4.49754),2
2,0(1.61208); 1(3.81061); 3(2.85207); 4(2.96521); 5(1.17583); 6(3.55814); 7(0.16624); 8(0.33456); 9(7.77805),1
3,0(7.5179); 1(3.23412); 2(2.85207); 4(2.04201); 5(1.63042); 6(3.78441); 7(1.78539); 8(8.38365); 9(6.40437),1
4,0(0.2711); 1(4.26156); 2(2.96521); 3(2.04201); 5(3.14252); 6(5.63657); 7(3.9185); 8(5.4565); 9(3.64625),1
5,0(8.91034); 1(5.43179); 2(1.17583); 3(1.63042); 4(3.14252); 6(1.71929); 7(3.7353); 8(6.04081); 9(0.54733),1
6,0(0.94278); 1(8.891); 2(3.55814); 3(3.78441); 4(5.63657); 5(1.71929); 7(1.06759); 8(6.25959); 9(8.7385),2
7,0(8.78209); 1(0.73521); 2(0.16624); 3(1.78539); 4(3.9185); 5(3.7353); 6(1.06759); 8(6.1447); 9(6.7322),1
8,0(3.55152); 1(1.7863); 2(0.33456); 3(8.38365); 4(5.4565); 5(6.04081); 6(6.25959); 7(6.1447); 9(0.48183),1
9,0(4.02905); 1(4.49754); 2(7.77805); 3(6.40437); 4(3.64625); 5(0.54733); 6(8.7385); 7(6.7322); 8(0.48183),2
