Vértice,Adjacentes,Conjuntos
0,1(8.32163); 2(5.01821); 3(6.0903); 4(7.71386); 5(5.71127); 6(7.47527); 7(4.54645); 8(7.27992); 9(7.29304),1
1,0(8.32163); 2(8.60812); 3(4.17537); 4(7.93017); 5(5.65878); 6(4.95243); 7(2.92727); 8(0.94409); 9(2.31042),1
2,0(5.01821); 1(8.60812); 3(3.75412); 4(2.49764); 5(5.09619); 6(0.82149); 7(1.32033); 8(8.43469); 9(6.99189),1
3,0(6.0903); 1(4.17537); 2(3.75412); 4(0.76456); 5(3.75209); 6(1.50238); 7(7.30863); 8(0.34939); 9(3.177),1
4,0(7.71386); 1(7.93017); 2(2.49764); 3(0.76456); 5(1.02443); 6(0.90728); 7(5.13032); 8(8.9295); 9(0.45098),1
5,0(5.71127); 1(5.65878); 2(5.09619); 3(3.75209); 4(1.02443); 6(4.00372); 7(2.93256); 8(8.62446); 9(8.40539),2
6,0(7.47527); 1(4.95243); 2(0.82149); 3(1.50238); 4(0.90728); 5(4.00372); 7(3.8578); 8(8.10306); 9(1.91037),1
7,0(4.54645); 1(2.92727); 2(1.32033); 3(7.30863); 4(5.13032); 5(2.93256); 6(3.8578); 8(1.32909); 9(4.4941),1
8,0(7.27992); 1(0.94409); 2(8.43469); 3(0.34939); 4(8.9295); 5(8.62446); 6(8.10306); 7(1.32909); 9(7.99105),2
9,0(7.29304); 1(2.31042); 2(6.99189); 3(3.177); 4(0.45098); 5(8.40539); 6(1.91037); 7(4.4941); 8(7.99105),2
