Vértice,Adjacentes,Conjuntos
0,1(0.79244); 2(7.48241); 3(5.72556); 4(7.79113); 5(6.808); 6(4.94042); 7(2.66449); 8(3.35185); 9(4.25698),1
1,0(0.79244); 2(0.91085); 3(1.47755); 4(5.015); 5(0.70507); 6(0.15545); 7(7.23092); 8(7.06179); 9(2.14093),1
2,0(7.48241); 1(0.91085); 3(8.53841); 4(0.66186); 5(3.7262); 6(3.04356); 7(6.13811); 8(5.90728); 9(5.60746),2
3,0(5.72556); 1(1.47755); 2(8.53841); 4(6.77459); 5(8.15079); 6(5.4916); 7(7.11618); 8(4.7391); 9(4.05389),2
4,0(7.79113); 1(5.015); 2(0.66186); 3(6.77459); 5(3.17152); 6(0.87965); 7(7.82778); 8(2.37771); 9(4.04966),1
5,0(6.808); 1(0.70507); 2(3.7262); 3(8.15079); 4(3.17152); 6(6.4183); 7(6.61609); 8(2.59731); 9(0.27071),1
6,0(4.94042); 1(0.15545); 2(3.04356); 3(5.4916); 4(0.87965); 5(6.4183); 7(4.65202); 8(0.88722); 9(0.75715),1
7,0(2.66449); 1(7.23092); 2(6.13811); 3(7.11618); 4(7.82778); 5(6.61609); 6(4.65202); 8(6.89817); 9(3.02142),1
8,0(3.35185); 1(7.06179); 2(5.90728); 3(4.7391); 4(2.37771); 5(2.59731); 6(0.88722); 7(6.89817); 9(0.95419),1
9,0(4.25698); 1(2.14093); 2(5.60746); 3(4.05389); 4(4.04966); 5(0.27071); 6(0.75715); 7(3.02142); 8(0.95419),1
