Vértice,Adjacentes,Conjuntos
0,1(5.73181); 2(4.4142); 3(4.44096); 4(8.58585); 5(2.38091); 6(8.04347); 7(3.34232); 8(5.01449); 9(5.44797),2
1,0(5.73181); 2(0.91329); 3(2.12231); 4(7.41371); 5(4.99032); 6(8.54722); 7(6.13229); 8(3.26978); 9(8.61728),1
2,0(4.4142); 1(0.91329); 3(3.55101); 4(0.81044); 5(4.59461); 6(6.18197); 7(2.56052); 8(7.25671); 9(5.58996),1
3,0(4.44096); 1(2.12231); 2(3.55101); 4(7.54811); 5(0.69497); 6(5.5369); 7(8.27393); 8(3.28353); 9(1.51621),1
4,0(8.58585); 1(7.41371); 2(0.81044); 3(7.54811); 5(7.23731); 6(6.89887); 7(0.69991); 8(7.36039); 9(5.05595),2
5,0(2.38091); 1(4.99032); 2(4.59461); 3(0.69497); 4(7.23731); 6(1.86825); 7(3.5272); 8(8.01348); 9(7.17675),1
6,0(8.04347); 1(8.54722); 2(6.18197); 3(5.5369); 4(6.89887); 5(1.86825); 7(0.15102); 8(7.52307); 9(0.22282),2
7,0(3.34232); 1(6.13229); 2(2.56052); 3(8.27393); 4(0.69991); 5(3.5272); 6(0.15102); 8(0.60356); 9(0.52519),1
8,0(5.01449); 1(3.26978); 2(7.25671); 3(3.28353); 4(7.36039); 5(8.01348); 6(7.52307); 7(0.60356); 9(3.12052),1
9,0(5.44797); 1(8.61728); 2(5.58996); 3(1.51621); 4(5.05595); 5(7.17675); 6(0.22282); 7(0.52519); 8(3.12052),1
