Vértice,Adjacentes,Conjuntos
0,1(128.74138); 2(136.8996); 3(130.74757); 4(123.67568); 5(114.96822); 6(174.78938); 7(133.87562); 8(198.32771); 9(146.49902),2
1,0(128.74138); 2(170.58513); 3(111.96972); 4(147.16705); 5(118.55619); 6(182.31707); 7(103.34796); 8(140.27465); 9(165.11626),1
2,0(136.8996); 1(170.58513); 3(126.46216); 4(122.81605); 5(109.71564); 6(131.37813); 7(158.52417); 8(108.85983); 9(104.14026),1
3,0(130.74757); 1(111.96972); 2(126.46216); 4(100.30285); 5(191.68378); 6(178.09404); 7(147.66317); 8(123.63117); 9(138.01517),1
4,0(123.67568); 1(147.16705); 2(122.81605); 3(100.30285); 5(131.57486); 6(165.45281); 7(112.12048); 8(192.30636); 9(180.79719),1
5,0(114.96822); 1(118.55619); 2(109.71564); 3(191.68378); 4(131.57486); 6(190.65213); 7(181.50055); 8(146.40304); 9(145.08131),1
6,0(174.78938); 1(182.31707); 2(131.37813); 3(178.09404); 4(165.45281); 5(190.65213); 7(104.31873); 8(122.49108); 9(142.2762),1
7,0(133.87562); 1(103.34796); 2(158.52417); 3(147.66317); 4(112.12048); 5(181.50055); 6(104.31873); 8(167.38609); 9(120.5359),1
8,0(198.32771); 1(140.27465); 2(108.85983); 3(123.63117); 4(192.30636); 5(146.40304); 6(122.49108); 7(167.38609); 9(145.14838),2
9,0(146.49902); 1(165.11626); 2(104.14026); 3(138.01517); 4(180.79719); 5(145.08131); 6(142.2762); 7(120.5359); 8(145.14838),1
