Vértice,Adjacentes,Conjuntos
0,1(153.87928); 2(140.7159); 3(130.75454); 4(136.01478); 5(199.50697); 6(116.46689); 7(153.32866); 8(179.04134); 9(158.54256),2
1,0(153.87928); 2(123.74407); 3(136.81309); 4(109.36346); 5(174.6162); 6(171.31518); 7(183.6839); 8(138.85714); 9(154.76157),1
2,0(140.7159); 1(123.74407); 3(194.6644); 4(129.57296); 5(103.11106); 6(157.69388); 7(181.87054); 8(105.70752); 9(149.98845),1
3,0(130.75454); 1(136.81309); 2(194.6644); 4(183.13941); 5(143.90769); 6(143.34532); 7(101.71838); 8(116.3006); 9(181.79598),1
4,0(136.01478); 1(109.36346); 2(129.57296); 3(183.13941); 5(171.79523); 6(174.5583); 7(129.94912); 8(151.33735); 9(131.91741),1
5,0(199.50697); 1(174.6162); 2(103.11106); 3(143.90769); 4(171.79523); 6(101.37096); 7(155.06837); 8(141.88664); 9(186.21526),2
6,0(116.46689); 1(171.31518); 2(157.69388); 3(143.34532); 4(174.5583); 5(101.37096); 7(105.58126); 8(144.5176); 9(123.82099),1
7,0(153.32866); 1(183.6839); 2(181.87054); 3(101.71838); 4(129.94912); 5(155.06837); 6(105.58126); 8(127.52838); 9(110.68836),1
8,0(179.04134); 1(138.85714); 2(105.70752); 3(116.3006); 4(151.33735); 5(141.88664); 6(144.5176); 7(127.52838); 9(151.31665),1
9,0(158.54256); 1(154.76157); 2(149.98845); 3(181.79598); 4(131.91741); 5(186.21526); 6(123.82099); 7(110.68836); 8(151.31665),2
