Vértice,Adjacentes,Conjuntos
0,1(140.55861); 2(120.19813); 3(107.64204); 4(146.25127); 5(174.19345); 6(151.03184); 7(143.06134); 8(118.46664); 9(148.83589),1
1,0(140.55861); 2(197.53573); 3(124.22235); 4(114.96918); 5(178.99436); 6(100.31274); 7(116.79712); 8(163.75765); 9(141.98488),1
2,0(120.19813); 1(197.53573); 3(152.8759); 4(196.21055); 5(118.68054); 6(126.44561); 7(102.79655); 8(150.37409); 9(113.54125),1
3,0(107.64204); 1(124.22235); 2(152.8759); 4(195.37285); 5(100.75972); 6(124.04339); 7(107.78906); 8(141.06869); 9(148.44808),1
4,0(146.25127); 1(114.96918); 2(196.21055); 3(195.37285); 5(106.73738); 6(182.08532); 7(166.38577); 8(182.26411); 9(194.77894),2
5,0(174.19345); 1(178.99436); 2(118.68054); 3(100.75972); 4(106.73738); 6(173.46585); 7(165.4609); 8(157.39553); 9(181.72992),1
6,0(151.03184); 1(100.31274); 2(126.44561); 3(124.04339); 4(182.08532); 5(173.46585); 7(171.77219); 8(142.35023); 9(196.73187),2
7,0(143.06134); 1(116.79712); 2(102.79655); 3(107.78906); 4(166.38577); 5(165.4609); 6(171.77219); 8(101.06864); 9(117.22767),1
8,0(118.46664); 1(163.75765); 2(150.37409); 3(141.06869); 4(182.26411); 5(157.39553); 6(142.35023); 7(101.06864); 9(159.61344),1
9,0(148.83589); 1(141.98488); 2(113.54125); 3(148.44808); 4(194.77894); 5(181.72992); 6(196.73187); 7(117.22767); 8(159.61344),2
