Vértice,Adjacentes,Conjuntos
0,1(133.45947); 2(192.54508); 3(160.13648); 4(177.58938); 5(125.43309); 6(164.93708); 7(130.68768); 8(100.99746); 9(194.23095),1
1,0(133.45947); 2(187.17683); 3(107.0539); 4(107.46102); 5(181.06895); 6(193.8821); 7(106.32298); 8(188.29778); 9(187.93053),2
2,0(192.54508); 1(187.17683); 3(139.32098); 4(120.92136); 5(154.5918); 6(144.91176); 7(161.71596); 8(126.90074); 9(111.66621),1
3,0(160.13648); 1(107.0539); 2(139.32098); 4(175.52608); 5(114.33792); 6(188.40775); 7(152.23114); 8(100.21874); 9(117.69153),1
4,0(177.58938); 1(107.46102); 2(120.92136); 3(175.52608); 5(167.90867); 6(178.46305); 7(101.4146); 8(147.68718); 9(190.66297),1
5,0(125.43309); 1(181.06895); 2(154.5918); 3(114.33792); 4(167.90867); 6(127.93835); 7(171.92549); 8(157.93612); 9(177.37224),1
6,0(164.93708); 1(193.8821); 2(144.91176); 3(188.40775); 4(178.46305); 5(127.93835); 7(174.65877); 8(186.89078); 9(169.44531),2
7,0(130.68768); 1(106.32298); 2(161.71596); 3(152.23114); 4(101.4146); 5(171.92549); 6(174.65877); 8(158.75596); 9(132.9273),1
8,0(100.99746); 1(188.29778); 2(126.90074); 3(100.21874); 4(147.68718); 5(157.93612); 6(186.89078); 7(158.75596); 9(111.40721),2
9,0(194.23095); 1(187.93053); 2(111.66621); 3(117.69153); 4(190.66297); 5(177.37224); 6(169.44531); 7(132.9273); 8(111.40721),1
