Vértice,Adjacentes,Conjuntos
0,1(150.21847); 2(142.65812); 3(109.95299); 4(195.83435); 5(163.06427); 6(175.60925); 7(134.13496); 8(116.81562); 9(114.32884),1
1,0(150.21847); 2(145.80112); 3(147.38576); 4(175.47382); 5(143.49519); 6(107.96121); 7(117.10378); 8(144.93496); 9(108.04319),1
2,0(142.65812); 1(145.80112); 3(161.39395); 4(199.30621); 5(173.25106); 6(193.74504); 7(198.06744); 8(155.54288); 9(177.55952),2
3,0(109.95299); 1(147.38576); 2(161.39395); 4(134.57136); 5(138.18757); 6(189.35412); 7(179.14438); 8(184.49253); 9(151.2705),1
4,0(195.83435); 1(175.47382); 2(199.30621); 3(134.57136); 5(131.62175); 6(168.89733); 7(118.68263); 8(190.63071); 9(171.6837),2
5,0(163.06427); 1(143.49519); 2(173.25106); 3(138.18757); 4(131.62175); 6(157.11269); 7(184.59395); 8(111.24663); 9(106.96737),1
6,0(175.60925); 1(107.96121); 2(193.74504); 3(189.35412); 4(168.89733); 5(157.11269); 7(198.13335); 8(172.655); 9(111.96693),1
7,0(134.13496); 1(117.10378); 2(198.06744); 3(179.14438); 4(118.68263); 5(184.59395); 6(198.13335); 8(147.82462); 9(161.77312),1
8,0(116.81562); 1(144.93496); 2(155.54288); 3(184.49253); 4(190.63071); 5(111.24663); 6(172.655); 7(147.82462); 9(186.25056),1
9,0(114.32884); 1(108.04319); 2(177.55952); 3(151.2705); 4(171.6837); 5(106.96737); 6(111.96693); 7(161.77312); 8(186.25056),1
