Vértice,Adjacentes,Conjuntos
0,1(142.85041); 2(138.70846); 3(143.9726); 4(129.41313); 5(197.12733); 6(176.72021); 7(139.36586); 8(128.09811); 9(107.42813),1
1,0(142.85041); 2(120.33488); 3(196.05592); 4(106.81085); 5(194.7232); 6(199.47204); 7(107.17537); 8(133.93075); 9(129.27405),2
2,0(138.70846); 1(120.33488); 3(112.20274); 4(136.07104); 5(148.10721); 6(117.53026); 7(109.48965); 8(157.62545); 9(137.8633),1
3,0(143.9726); 1(196.05592); 2(112.20274); 4(132.55762); 5(188.44588); 6(147.9187); 7(107.47877); 8(190.6876); 9(195.05156),2
4,0(129.41313); 1(106.81085); 2(136.07104); 3(132.55762); 5(164.85921); 6(114.03871); 7(185.09973); 8(160.60761); 9(188.26028),1
5,0(197.12733); 1(194.7232); 2(148.10721); 3(188.44588); 4(164.85921); 6(169.91309); 7(156.14788); 8(177.80398); 9(115.51685),2
6,0(176.72021); 1(199.47204); 2(117.53026); 3(147.9187); 4(114.03871); 5(169.91309); 7(154.06369); 8(166.7497); 9(123.28411),1
7,0(139.36586); 1(107.17537); 2(109.48965); 3(107.47877); 4(185.09973); 5(156.14788); 6(154.06369); 8(189.61696); 9(146.03172),1
8,0(128.09811); 1(133.93075); 2(157.62545); 3(190.6876); 4(160.60761); 5(177.80398); 6(166.7497); 7(189.61696); 9(190.08961),1
9,0(107.42813); 1(129.27405); 2(137.8633); 3(195.05156); 4(188.26028); 5(115.51685); 6(123.28411); 7(146.03172); 8(190.08961),1
