Vértice,Adjacentes,Conjuntos
0,1(145.41195); 2(100.47528); 3(123.47745); 4(172.02993); 5(109.10466); 6(143.20924); 7(143.39891); 8(141.19372); 9(160.11161),1
1,0(145.41195); 2(199.11665); 3(190.89573); 4(171.56915); 5(197.41694); 6(157.16922); 7(153.2511); 8(172.00773); 9(153.08212),1
2,0(100.47528); 1(199.11665); 3(106.03697); 4(169.00369); 5(162.17576); 6(102.26514); 7(173.44372); 8(126.30998); 9(113.67509),1
3,0(123.47745); 1(190.89573); 2(106.03697); 4(110.90306); 5(169.79183); 6(134.22957); 7(100.53282); 8(185.11594); 9(182.07419),1
4,0(172.02993); 1(171.56915); 2(169.00369); 3(110.90306); 5(166.17654); 6(199.48524); 7(116.32822); 8(121.16374); 9(135.52916),2
5,0(109.10466); 1(197.41694); 2(162.17576); 3(169.79183); 4(166.17654); 6(157.78215); 7(143.39219); 8(161.21029); 9(174.53229),1
6,0(143.20924); 1(157.16922); 2(102.26514); 3(134.22957); 4(199.48524); 5(157.78215); 7(103.32836); 8(144.44237); 9(127.83522),2
7,0(143.39891); 1(153.2511); 2(173.44372); 3(100.53282); 4(116.32822); 5(143.39219); 6(103.32836); 8(175.23379); 9(131.37807),1
8,0(141.19372); 1(172.00773); 2(126.30998); 3(185.11594); 4(121.16374); 5(161.21029); 6(144.44237); 7(175.23379); 9(119.24844),1
9,0(160.11161); 1(153.08212); 2(113.67509); 3(182.07419); 4(135.52916); 5(174.53229); 6(127.83522); 7(131.37807); 8(119.24844),1
