Vértice,Adjacentes,Conjuntos
0,1(189.05803); 2(125.30327); 3(165.94926); 4(151.67342); 5(102.76029); 6(122.76418); 7(160.22362); 8(176.75091); 9(171.03307),1
1,0(189.05803); 2(176.17649); 3(149.68217); 4(128.14218); 5(163.85462); 6(163.28721); 7(154.40877); 8(142.06505); 9(176.92388),1
2,0(125.30327); 1(176.17649); 3(192.7627); 4(109.61911); 5(181.45615); 6(194.0037); 7(109.84031); 8(186.56334); 9(161.15963),2
3,0(165.94926); 1(149.68217); 2(192.7627); 4(184.34946); 5(165.88757); 6(150.01878); 7(125.34852); 8(112.51918); 9(147.48897),1
4,0(151.67342); 1(128.14218); 2(109.61911); 3(184.34946); 5(130.20123); 6(129.52431); 7(169.94041); 8(162.95733); 9(178.50923),1
5,0(102.76029); 1(163.85462); 2(181.45615); 3(165.88757); 4(130.20123); 6(144.24177); 7(107.38762); 8(138.52853); 9(190.80925),1
6,0(122.76418); 1(163.28721); 2(194.0037); 3(150.01878); 4(129.52431); 5(144.24177); 7(125.47954); 8(112.59675); 9(148.42719),2
7,0(160.22362); 1(154.40877); 2(109.84031); 3(125.34852); 4(169.94041); 5(107.38762); 6(125.47954); 8(189.73038); 9(172.82294),1
8,0(176.75091); 1(142.06505); 2(186.56334); 3(112.51918); 4(162.95733); 5(138.52853); 6(112.59675); 7(189.73038); 9(187.94184),1
9,0(171.03307); 1(176.92388); 2(161.15963); 3(147.48897); 4(178.50923); 5(190.80925); 6(148.42719); 7(172.82294); 8(187.94184),1
