Vértice,Adjacentes,Conjuntos
0,1(166.47234); 2(170.18475); 3(174.55453); 4(153.2867); 5(145.12186); 6(144.42723); 7(170.98466); 8(176.5811); 9(162.99632),1
1,0(166.47234); 2(168.4836); 3(175.63185); 4(135.43608); 5(153.11269); 6(147.6813); 7(195.46092); 8(156.55237); 9(184.35828),1
2,0(170.18475); 1(168.4836); 3(183.43506); 4(159.96216); 5(150.25894); 6(131.15147); 7(169.92273); 8(168.09035); 9(193.2975),1
3,0(174.55453); 1(175.63185); 2(183.43506); 4(187.8215); 5(122.49923); 6(196.62941); 7(182.58435); 8(144.85728); 9(187.11629),1
4,0(153.2867); 1(135.43608); 2(159.96216); 3(187.8215); 5(167.5444); 6(162.2388); 7(176.99178); 8(196.17409); 9(127.35979),1
5,0(145.12186); 1(153.11269); 2(150.25894); 3(122.49923); 4(167.5444); 6(140.804); 7(108.77892); 8(131.5101); 9(165.05664),1
6,0(144.42723); 1(147.6813); 2(131.15147); 3(196.62941); 4(162.2388); 5(140.804); 7(162.18561); 8(199.05042); 9(173.7354),1
7,0(170.98466); 1(195.46092); 2(169.92273); 3(182.58435); 4(176.99178); 5(108.77892); 6(162.18561); 8(164.31947); 9(188.75363),1
8,0(176.5811); 1(156.55237); 2(168.09035); 3(144.85728); 4(196.17409); 5(131.5101); 6(199.05042); 7(164.31947); 9(243.97252),2
9,0(162.99632); 1(184.35828); 2(193.2975); 3(187.11629); 4(127.35979); 5(165.05664); 6(173.7354); 7(188.75363); 8(243.97252),2
