Vértice,Adjacentes,Conjuntos
0,1(164.71114); 2(154.70999); 3(120.44387); 4(170.17953); 5(171.51671); 6(160.51222); 7(167.04739); 8(113.71856); 9(124.95812),2
1,0(164.71114); 2(142.24413); 3(145.99771); 4(165.40941); 5(135.75308); 6(140.79951); 7(117.42927); 8(177.05061); 9(138.02242),2
2,0(154.70999); 1(142.24413); 3(105.56086); 4(142.47485); 5(142.66275); 6(142.34061); 7(167.88651); 8(151.37692); 9(158.63219),1
3,0(120.44387); 1(145.99771); 2(105.56086); 4(144.02098); 5(111.6175); 6(137.63528); 7(143.26068); 8(134.5901); 9(138.26721),1
4,0(170.17953); 1(165.40941); 2(142.47485); 3(144.02098); 5(158.66341); 6(135.63007); 7(163.96106); 8(146.22018); 9(139.75119),2
5,0(171.51671); 1(135.75308); 2(142.66275); 3(111.6175); 4(158.66341); 6(152.42517); 7(110.54152); 8(198.56213); 9(146.45488),2
6,0(160.51222); 1(140.79951); 2(142.34061); 3(137.63528); 4(135.63007); 5(152.42517); 7(152.11545); 8(137.06197); 9(89.43675),1
7,0(167.04739); 1(117.42927); 2(167.88651); 3(143.26068); 4(163.96106); 5(110.54152); 6(152.11545); 8(189.15317); 9(116.66644),2
8,0(113.71856); 1(177.05061); 2(151.37692); 3(134.5901); 4(146.22018); 5(198.56213); 6(137.06197); 7(189.15317); 9(141.82156),2
9,0(124.95812); 1(138.02242); 2(158.63219); 3(138.26721); 4(139.75119); 5(146.45488); 6(89.43675); 7(116.66644); 8(141.82156),1
