Vértice,Adjacentes,Conjuntos
0,1(189.86444); 2(170.50124); 3(200.74365); 4(183.89726); 5(146.31726); 6(177.14929); 7(157.73885); 8(207.35699); 9(155.89703),1
1,0(189.86444); 2(171.65521); 3(179.70959); 4(199.19339); 5(176.28482); 6(189.66621); 7(146.77379); 8(190.942); 9(180.11504),1
2,0(170.50124); 1(171.65521); 3(173.0555); 4(168.56032); 5(149.87398); 6(162.79002); 7(118.65231); 8(159.05791); 9(165.91231),1
3,0(200.74365); 1(179.70959); 2(173.0555); 4(183.35294); 5(191.82289); 6(138.36104); 7(109.12061); 8(137.92117); 9(209.61568),2
4,0(183.89726); 1(199.19339); 2(168.56032); 3(183.35294); 5(177.06325); 6(183.45325); 7(151.09193); 8(164.40921); 9(144.6434),1
5,0(146.31726); 1(176.28482); 2(149.87398); 3(191.82289); 4(177.06325); 6(175.05806); 7(151.87799); 8(178.93446); 9(150.38242),1
6,0(177.14929); 1(189.66621); 2(162.79002); 3(138.36104); 4(183.45325); 5(175.05806); 7(146.9924); 8(181.18755); 9(204.53636),1
7,0(157.73885); 1(146.77379); 2(118.65231); 3(109.12061); 4(151.09193); 5(151.87799); 6(146.9924); 8(131.50301); 9(162.98761),1
8,0(207.35699); 1(190.942); 2(159.05791); 3(137.92117); 4(164.40921); 5(178.93446); 6(181.18755); 7(131.50301); 9(140.0817),1
9,0(155.89703); 1(180.11504); 2(165.91231); 3(209.61568); 4(144.6434); 5(150.38242); 6(204.53636); 7(162.98761); 8(140.0817),2
