Vértice,Adjacentes,Conjuntos
0,1(84.84251); 2(116.30661); 3(119.81597); 4(173.53152); 5(168.76794); 6(168.74605); 7(158.35748); 8(160.22705); 9(131.44456),1
1,0(84.84251); 2(158.06935); 3(117.1525); 4(178.59386); 5(174.48537); 6(189.69502); 7(188.64371); 8(171.92285); 9(115.46037),1
2,0(116.30661); 1(158.06935); 3(153.12355); 4(191.44179); 5(183.78609); 6(184.79887); 7(132.71146); 8(144.60823); 9(167.58627),1
3,0(119.81597); 1(117.1525); 2(153.12355); 4(136.57852); 5(160.65698); 6(154.32779); 7(132.75612); 8(162.97546); 9(157.29979),1
4,0(173.53152); 1(178.59386); 2(191.44179); 3(136.57852); 5(123.19548); 6(158.69046); 7(124.92052); 8(138.89954); 9(150.71237),1
5,0(168.76794); 1(174.48537); 2(183.78609); 3(160.65698); 4(123.19548); 6(187.9426); 7(154.82751); 8(130.81323); 9(121.8214),1
6,0(168.74605); 1(189.69502); 2(184.79887); 3(154.32779); 4(158.69046); 5(187.9426); 7(118.7514); 8(138.71979); 9(210.65042),2
7,0(158.35748); 1(188.64371); 2(132.71146); 3(132.75612); 4(124.92052); 5(154.82751); 6(118.7514); 8(123.93135); 9(193.75369),1
8,0(160.22705); 1(171.92285); 2(144.60823); 3(162.97546); 4(138.89954); 5(130.81323); 6(138.71979); 7(123.93135); 9(150.97093),1
9,0(131.44456); 1(115.46037); 2(167.58627); 3(157.29979); 4(150.71237); 5(121.8214); 6(210.65042); 7(193.75369); 8(150.97093),2
