Vértice,Adjacentes,Conjuntos
0,1(71.82803); 2(62.26389); 3(96.69288); 4(91.49269); 5(83.1929); 6(63.48418); 7(57.36599); 8(98.19629); 9(85.51597),1
1,0(71.82803); 2(95.60782); 3(97.73245); 4(75.90681); 5(106.30628); 6(70.50524); 7(81.67253); 8(80.53555); 9(91.81632),2
2,0(62.26389); 1(95.60782); 3(106.72704); 4(101.75834); 5(97.68279); 6(71.38356); 7(101.91421); 8(94.58995); 9(111.72684),2
3,0(96.69288); 1(97.73245); 2(106.72704); 4(118.84933); 5(85.09016); 6(93.0134); 7(95.21969); 8(87.99089); 9(41.53283),2
4,0(91.49269); 1(75.90681); 2(101.75834); 3(118.84933); 5(83.94706); 6(47.02102); 7(121.63042); 8(129.67268); 9(123.9509),2
5,0(83.1929); 1(106.30628); 2(97.68279); 3(85.09016); 4(83.94706); 6(77.63055); 7(107.6485); 8(121.82378); 9(80.90347),2
6,0(63.48418); 1(70.50524); 2(71.38356); 3(93.0134); 4(47.02102); 5(77.63055); 7(98.37829); 8(106.32672); 9(103.64117),1
7,0(57.36599); 1(81.67253); 2(101.91421); 3(95.21969); 4(121.63042); 5(107.6485); 6(98.37829); 8(112.33575); 9(79.73273),2
8,0(98.19629); 1(80.53555); 2(94.58995); 3(87.99089); 4(129.67268); 5(121.82378); 6(106.32672); 7(112.33575); 9(86.3061),2
9,0(85.51597); 1(91.81632); 2(111.72684); 3(41.53283); 4(123.9509); 5(80.90347); 6(103.64117); 7(79.73273); 8(86.3061),2
