Vértice,Adjacentes,Conjuntos
0,1(87.45556); 2(89.04988); 3(24.17178); 4(134.80527); 5(93.87724); 6(87.4512); 7(58.62943); 8(103.26118); 9(75.42809),1
1,0(87.45556); 2(121.14897); 3(74.19868); 4(65.7444); 5(20.68637); 6(74.30151); 7(101.52536); 8(104.69807); 9(88.70623),1
2,0(89.04988); 1(121.14897); 3(93.06632); 4(122.76896); 5(114.64176); 6(113.15512); 7(111.67219); 8(64.94562); 9(50.152),2
3,0(24.17178); 1(74.19868); 2(93.06632); 4(122.0024); 5(83.22321); 6(93.29928); 7(43.77405); 8(108.80099); 9(78.29977),1
4,0(134.80527); 1(65.7444); 2(122.76896); 3(122.0024); 5(53.45841); 6(106.13297); 7(143.96562); 8(103.11498); 9(97.70117),2
5,0(93.87724); 1(20.68637); 2(114.64176); 3(83.22321); 4(53.45841); 6(64.51137); 7(114.3849); 8(95.87711); 9(78.05344),1
6,0(87.4512); 1(74.30151); 2(113.15512); 3(93.29928); 4(106.13297); 5(64.51137); 7(135.73854); 8(90.02822); 9(68.70286),2
7,0(58.62943); 1(101.52536); 2(111.67219); 3(43.77405); 4(143.96562); 5(114.3849); 6(135.73854); 8(134.43477); 9(112.87138),2
8,0(103.26118); 1(104.69807); 2(64.94562); 3(108.80099); 4(103.11498); 5(95.87711); 6(90.02822); 7(134.43477); 9(65.1884),1
9,0(75.42809); 1(88.70623); 2(50.152); 3(78.29977); 4(97.70117); 5(78.05344); 6(68.70286); 7(112.87138); 8(65.1884),1
