Vértice,Adjacentes,Conjuntos
0,1(179.31252); 2(141.57878); 3(149.88608); 4(173.1189); 5(153.25505); 6(145.91046); 7(186.22504); 8(169.42107); 9(198.3282),2
1,0(179.31252); 2(185.91971); 3(151.71591); 4(115.57811); 5(138.44269); 6(182.92041); 7(133.2093); 8(145.82713); 9(166.7338),2
2,0(141.57878); 1(185.91971); 3(150.08141); 4(152.85002); 5(182.33693); 6(148.63234); 7(202.43771); 8(166.78142); 9(149.50703),2
3,0(149.88608); 1(151.71591); 2(150.08141); 4(132.58665); 5(146.79178); 6(124.596); 7(122.65338); 8(127.62217); 9(184.25259),1
4,0(173.1189); 1(115.57811); 2(152.85002); 3(132.58665); 5(141.73579); 6(147.90662); 7(122.83325); 8(146.32759); 9(118.02769),1
5,0(153.25505); 1(138.44269); 2(182.33693); 3(146.79178); 4(141.73579); 6(149.976); 7(157.29301); 8(153.67561); 9(171.62),2
6,0(145.91046); 1(182.92041); 2(148.63234); 3(124.596); 4(147.90662); 5(149.976); 7(137.58699); 8(126.59215); 9(160.81337),1
7,0(186.22504); 1(133.2093); 2(202.43771); 3(122.65338); 4(122.83325); 5(157.29301); 6(137.58699); 8(138.86511); 9(150.27466),2
8,0(169.42107); 1(145.82713); 2(166.78142); 3(127.62217); 4(146.32759); 5(153.67561); 6(126.59215); 7(138.86511); 9(165.25851),1
9,0(198.3282); 1(166.7338); 2(149.50703); 3(184.25259); 4(118.02769); 5(171.62); 6(160.81337); 7(150.27466); 8(165.25851),2
