Vértice,Adjacentes,Conjuntos
0,1(173.87723); 2(136.8548); 3(154.02432); 4(168.00873); 5(197.57204); 6(138.70143); 7(139.27025); 8(184.25862); 9(148.87637),1
1,0(173.87723); 2(190.9041); 3(218.67255); 4(168.70248); 5(179.97792); 6(199.29077); 7(184.55344); 8(181.86424); 9(181.22284),1
2,0(136.8548); 1(190.9041); 3(176.22375); 4(171.42473); 5(221.55609); 6(163.87766); 7(183.05003); 8(182.91331); 9(156.88438),1
3,0(154.02432); 1(218.67255); 2(176.22375); 4(226.11427); 5(204.02411); 6(170.51022); 7(190.47429); 8(191.77982); 9(173.60133),2
4,0(168.00873); 1(168.70248); 2(171.42473); 3(226.11427); 5(195.84619); 6(203.55533); 7(194.24313); 8(169.82553); 9(206.57039),2
5,0(197.57204); 1(179.97792); 2(221.55609); 3(204.02411); 4(195.84619); 6(183.15608); 7(195.4223); 8(213.34534); 9(168.53947),2
6,0(138.70143); 1(199.29077); 2(163.87766); 3(170.51022); 4(203.55533); 5(183.15608); 7(181.68155); 8(194.80669); 9(176.60071),1
7,0(139.27025); 1(184.55344); 2(183.05003); 3(190.47429); 4(194.24313); 5(195.4223); 6(181.68155); 8(202.02483); 9(190.49103),2
8,0(184.25862); 1(181.86424); 2(182.91331); 3(191.77982); 4(169.82553); 5(213.34534); 6(194.80669); 7(202.02483); 9(200.70602),1
9,0(148.87637); 1(181.22284); 2(156.88438); 3(173.60133); 4(206.57039); 5(168.53947); 6(176.60071); 7(190.49103); 8(200.70602),1
