Vértice,Adjacentes,Conjuntos
0,1(108.56403); 2(142.97603); 3(144.8869); 4(163.10928); 5(186.81636); 6(120.32983); 7(131.76189); 8(145.79784); 9(141.73244),2
1,0(108.56403); 2(170.02245); 3(171.05081); 4(166.11194); 5(163.71101); 6(122.14503); 7(115.90499); 8(157.2829); 9(156.80838),1
2,0(142.97603); 1(170.02245); 3(100.45216); 4(134.35229); 5(135.6776); 6(138.74384); 7(157.65323); 8(152.01294); 9(122.75),1
3,0(144.8869); 1(171.05081); 2(100.45216); 4(142.54219); 5(121.67804); 6(164.41281); 7(168.7171); 8(166.20222); 9(138.82346),1
4,0(163.10928); 1(166.11194); 2(134.35229); 3(142.54219); 5(149.9351); 6(153.37238); 7(187.21141); 8(145.12987); 9(140.76465),2
5,0(186.81636); 1(163.71101); 2(135.6776); 3(121.67804); 4(149.9351); 6(164.56392); 7(180.63585); 8(139.2482); 9(148.3419),2
6,0(120.32983); 1(122.14503); 2(138.74384); 3(164.41281); 4(153.37238); 5(164.56392); 7(135.03438); 8(98.80766); 9(91.61466),1
7,0(131.76189); 1(115.90499); 2(157.65323); 3(168.7171); 4(187.21141); 5(180.63585); 6(135.03438); 8(157.17873); 9(142.64032),2
8,0(145.79784); 1(157.2829); 2(152.01294); 3(166.20222); 4(145.12987); 5(139.2482); 6(98.80766); 7(157.17873); 9(108.14536),1
9,0(141.73244); 1(156.80838); 2(122.75); 3(138.82346); 4(140.76465); 5(148.3419); 6(91.61466); 7(142.64032); 8(108.14536),1
