Vértice,Adjacentes,Conjuntos
0,1(171.95398); 2(162.27104); 3(150.61115); 4(187.54044); 5(172.1125); 6(193.72951); 7(114.05194); 8(131.68927); 9(126.27719),2
1,0(171.95398); 2(125.39774); 3(133.85262); 4(156.34158); 5(157.99124); 6(107.46378); 7(134.78511); 8(117.63883); 9(140.65392),1
2,0(162.27104); 1(125.39774); 3(106.83179); 4(156.83743); 5(139.99641); 6(87.19292); 7(107.74399); 8(128.49323); 9(130.67728),1
3,0(150.61115); 1(133.85262); 2(106.83179); 4(146.43787); 5(145.45479); 6(117.42796); 7(84.29609); 8(133.26335); 9(140.10362),1
4,0(187.54044); 1(156.34158); 2(156.83743); 3(146.43787); 5(169.07219); 6(159.81966); 7(128.33656); 8(149.52171); 9(103.09409),2
5,0(172.1125); 1(157.99124); 2(139.99641); 3(145.45479); 4(169.07219); 6(139.29945); 7(159.04439); 8(145.40811); 9(134.77507),1
6,0(193.72951); 1(107.46378); 2(87.19292); 3(117.42796); 4(159.81966); 5(139.29945); 7(154.35881); 8(131.55888); 9(159.59961),2
7,0(114.05194); 1(134.78511); 2(107.74399); 3(84.29609); 4(128.33656); 5(159.04439); 6(154.35881); 8(120.94221); 9(95.65209),1
8,0(131.68927); 1(117.63883); 2(128.49323); 3(133.26335); 4(149.52171); 5(145.40811); 6(131.55888); 7(120.94221); 9(134.51497),1
9,0(126.27719); 1(140.65392); 2(130.67728); 3(140.10362); 4(103.09409); 5(134.77507); 6(159.59961); 7(95.65209); 8(134.51497),1
