Vértice,Adjacentes,Conjuntos
0,1(67.73003); 2(131.62706); 3(92.61191); 4(165.29686); 5(96.31355); 6(145.46272); 7(55.66475); 8(115.3035); 9(113.67197),2
1,0(67.73003); 2(104.21741); 3(98.42416); 4(134.83626); 5(82.97149); 6(128.67448); 7(45.77347); 8(103.41988); 9(68.38716),1
2,0(131.62706); 1(104.21741); 3(125.45263); 4(78.52234); 5(128.26241); 6(105.03756); 7(120.25742); 8(115.26088); 9(112.20167),2
3,0(92.61191); 1(98.42416); 2(125.45263); 4(151.22285); 5(77.74281); 6(120.91036); 7(90.12124); 8(124.29554); 9(137.06821),2
4,0(165.29686); 1(134.83626); 2(78.52234); 3(151.22285); 5(145.8364); 6(122.63356); 7(152.44774); 8(154.26602); 9(115.3265),2
5,0(96.31355); 1(82.97149); 2(128.26241); 3(77.74281); 4(145.8364); 6(143.22952); 7(81.26115); 8(115.61089); 9(128.91933),2
6,0(145.46272); 1(128.67448); 2(105.03756); 3(120.91036); 4(122.63356); 5(143.22952); 7(139.02383); 8(114.95012); 9(142.2099),2
7,0(55.66475); 1(45.77347); 2(120.25742); 3(90.12124); 4(152.44774); 5(81.26115); 6(139.02383); 8(119.42242); 9(103.6024),1
8,0(115.3035); 1(103.41988); 2(115.26088); 3(124.29554); 4(154.26602); 5(115.61089); 6(114.95012); 7(119.42242); 9(122.74648),2
9,0(113.67197); 1(68.38716); 2(112.20167); 3(137.06821); 4(115.3265); 5(128.91933); 6(142.2099); 7(103.6024); 8(122.74648),2
