Vértice,Adjacentes,Conjuntos
0,1(128.17201); 2(102.47085); 3(146.61536); 4(121.48027); 5(71.92034); 6(108.13226); 7(112.24253); 8(78.71631); 9(77.73164),2
1,0(128.17201); 2(85.5708); 3(39.95218); 4(69.83407); 5(103.63751); 6(63.85547); 7(63.30874); 8(119.90257); 9(115.46179),1
2,0(102.47085); 1(85.5708); 3(91.96369); 4(114.4287); 5(122.00874); 6(115.65329); 7(96.62944); 8(93.98558); 9(106.29289),1
3,0(146.61536); 1(39.95218); 2(91.96369); 4(107.22292); 5(113.90922); 6(97.26654); 7(58.25158); 8(142.54251); 9(135.1562),2
4,0(121.48027); 1(69.83407); 2(114.4287); 3(107.22292); 5(115.48886); 6(61.36658); 7(110.43904); 8(123.51649); 9(112.95783),1
5,0(71.92034); 1(103.63751); 2(122.00874); 3(113.90922); 4(115.48886); 6(86.12579); 7(69.72513); 8(114.34655); 9(96.28596),1
6,0(108.13226); 1(63.85547); 2(115.65329); 3(97.26654); 4(61.36658); 5(86.12579); 7(80.90269); 8(101.32981); 9(108.56525),1
7,0(112.24253); 1(63.30874); 2(96.62944); 3(58.25158); 4(110.43904); 5(69.72513); 6(80.90269); 8(128.21046); 9(127.54121),1
8,0(78.71631); 1(119.90257); 2(93.98558); 3(142.54251); 4(123.51649); 5(114.34655); 6(101.32981); 7(128.21046); 9(70.70249),1
9,0(77.73164); 1(115.46179); 2(106.29289); 3(135.1562); 4(112.95783); 5(96.28596); 6(108.56525); 7(127.54121); 8(70.70249),1
