Vértice,Adjacentes,Conjuntos
0,1(110.16504); 2(118.97305); 3(68.37469); 4(139.79286); 5(122.18906); 6(100.46844); 7(110.34846); 8(129.67955); 9(131.00089),2
1,0(110.16504); 2(115.05446); 3(99.82416); 4(99.68118); 5(156.06822); 6(106.11479); 7(140.69821); 8(102.06454); 9(66.76501),1
2,0(118.97305); 1(115.05446); 3(94.09142); 4(112.39796); 5(84.80737); 6(104.65034); 7(89.89072); 8(97.37942); 9(96.17434),1
3,0(68.37469); 1(99.82416); 2(94.09142); 4(128.52765); 5(119.06445); 6(115.21552); 7(110.67793); 8(129.44347); 9(112.29608),1
4,0(139.79286); 1(99.68118); 2(112.39796); 3(128.52765); 5(134.10007); 6(106.17691); 7(111.29362); 8(105.77757); 9(123.70571),2
5,0(122.18906); 1(156.06822); 2(84.80737); 3(119.06445); 4(134.10007); 6(81.58736); 7(62.82415); 8(152.37347); 9(135.90376),2
6,0(100.46844); 1(106.11479); 2(104.65034); 3(115.21552); 4(106.17691); 5(81.58736); 7(73.34016); 8(124.99318); 9(103.29019),1
7,0(110.34846); 1(140.69821); 2(89.89072); 3(110.67793); 4(111.29362); 5(62.82415); 6(73.34016); 8(139.28648); 9(144.68289),2
8,0(129.67955); 1(102.06454); 2(97.37942); 3(129.44347); 4(105.77757); 5(152.37347); 6(124.99318); 7(139.28648); 9(107.90393),2
9,0(131.00089); 1(66.76501); 2(96.17434); 3(112.29608); 4(123.70571); 5(135.90376); 6(103.29019); 7(144.68289); 8(107.90393),2
