Vértice,Adjacentes,Conjuntos
0,1(131.67329); 2(119.08111); 3(138.61288); 4(145.72197); 5(98.17863); 6(103.89323); 7(115.69501); 8(147.56459); 9(124.97994),1
1,0(131.67329); 2(142.37836); 3(110.41018); 4(143.84395); 5(146.68073); 6(81.08109); 7(103.07684); 8(85.51859); 9(111.75416),1
2,0(119.08111); 1(142.37836); 3(142.40645); 4(139.52573); 5(103.7502); 6(140.41621); 7(99.05949); 8(129.75458); 9(113.29613),2
3,0(138.61288); 1(110.41018); 2(142.40645); 4(91.0014); 5(119.14906); 6(128.39003); 7(122.59724); 8(104.76054); 9(139.81567),1
4,0(145.72197); 1(143.84395); 2(139.52573); 3(91.0014); 5(112.15291); 6(155.77057); 7(141.47295); 8(101.75065); 9(122.26257),2
5,0(98.17863); 1(146.68073); 2(103.7502); 3(119.14906); 4(112.15291); 6(115.16565); 7(111.10294); 8(112.93304); 9(143.17412),1
6,0(103.89323); 1(81.08109); 2(140.41621); 3(128.39003); 4(155.77057); 5(115.16565); 7(81.00968); 8(102.79917); 9(140.75444),2
7,0(115.69501); 1(103.07684); 2(99.05949); 3(122.59724); 4(141.47295); 5(111.10294); 6(81.00968); 8(97.1916); 9(126.53111),1
8,0(147.56459); 1(85.51859); 2(129.75458); 3(104.76054); 4(101.75065); 5(112.93304); 6(102.79917); 7(97.1916); 9(105.07045),1
9,0(124.97994); 1(111.75416); 2(113.29613); 3(139.81567); 4(122.26257); 5(143.17412); 6(140.75444); 7(126.53111); 8(105.07045),1
