Vértice,Adjacentes,Conjuntos
0,1(131.47118); 2(170.37434); 3(171.31491); 4(140.90099); 5(180.78984); 6(146.07933); 7(157.34373); 8(186.18103); 9(160.12881),2
1,0(131.47118); 2(149.40279); 3(155.97641); 4(136.88657); 5(142.61951); 6(143.68155); 7(153.97997); 8(142.06659); 9(120.29652),1
2,0(170.37434); 1(149.40279); 3(120.47215); 4(101.19299); 5(140.94856); 6(98.4018); 7(105.77533); 8(167.25179); 9(137.22763),1
3,0(171.31491); 1(155.97641); 2(120.47215); 4(111.12922); 5(121.47284); 6(115.28441); 7(111.72849); 8(133.91745); 9(92.21958),1
4,0(140.90099); 1(136.88657); 2(101.19299); 3(111.12922); 5(111.17451); 6(87.64736); 7(92.44323); 8(157.59961); 9(108.22883),1
5,0(180.78984); 1(142.61951); 2(140.94856); 3(121.47284); 4(111.17451); 6(121.16609); 7(91.30476); 8(137.02092); 9(117.66479),1
6,0(146.07933); 1(143.68155); 2(98.4018); 3(115.28441); 4(87.64736); 5(121.16609); 7(64.06679); 8(139.39418); 9(118.96439),1
7,0(157.34373); 1(153.97997); 2(105.77533); 3(111.72849); 4(92.44323); 5(91.30476); 6(64.06679); 8(144.21092); 9(121.53877),1
8,0(186.18103); 1(142.06659); 2(167.25179); 3(133.91745); 4(157.59961); 5(137.02092); 6(139.39418); 7(144.21092); 9(114.48803),2
9,0(160.12881); 1(120.29652); 2(137.22763); 3(92.21958); 4(108.22883); 5(117.66479); 6(118.96439); 7(121.53877); 8(114.48803),1
