Vértice,Adjacentes,Conjuntos
0,1(73.56794); 2(68.97723); 3(65.61353); 4(53.27176); 5(101.39307); 6(82.1816); 7(98.02721); 8(65.32232); 9(86.48149),1
1,0(73.56794); 2(86.19282); 3(98.23091); 4(96.83923); 5(107.58627); 6(52.04527); 7(46.32298); 8(48.46399); 9(81.56679),1
2,0(68.97723); 1(86.19282); 3(83.20992); 4(74.56023); 5(145.44777); 6(105.71481); 7(103.08269); 8(102.02973); 9(99.36671),1
3,0(65.61353); 1(98.23091); 2(83.20992); 4(73.27578); 5(125.40576); 6(78.2571); 7(93.49746); 8(96.14578); 9(119.43571),1
4,0(53.27176); 1(96.83923); 2(74.56023); 3(73.27578); 5(119.8884); 6(92.36575); 7(110.52607); 8(97.14536); 9(132.19008),2
5,0(101.39307); 1(107.58627); 2(145.44777); 3(125.40576); 4(119.8884); 6(91.59126); 7(108.85445); 8(62.07774); 9(111.16735),2
6,0(82.1816); 1(52.04527); 2(105.71481); 3(78.2571); 4(92.36575); 5(91.59126); 7(32.31238); 8(54.61023); 9(109.83453),1
7,0(98.02721); 1(46.32298); 2(103.08269); 3(93.49746); 4(110.52607); 5(108.85445); 6(32.31238); 8(64.22696); 9(104.8759),1
8,0(65.32232); 1(48.46399); 2(102.02973); 3(96.14578); 4(97.14536); 5(62.07774); 6(54.61023); 7(64.22696); 9(68.69556),1
9,0(86.48149); 1(81.56679); 2(99.36671); 3(119.43571); 4(132.19008); 5(111.16735); 6(109.83453); 7(104.8759); 8(68.69556),2
